Nr. Crt.,Nume,Data Inceput,Ora Inceput,Oras,Locatie,Organizat de,Durata,GPS,,GPS ALL,Categorie,POZA,Descriere
,,,,,,,,LAT,LONG,,,,
1,Street FOOD Festival Timișoara 2024,05.09.2024,13:00,Timisoara,Iulius Town Timisoara,"Iulius Town Timisoara, Street Food Festival",4 zile,45.7666618,21.2282433,"45.7666618,21.2282433",concert,https://iuliustown.ro/img/images/Timisoara_BannerWebsTeche_1920x1080px_cannoli.png,"Bucurati-va de o experienta culinara unica la Street FOOD Festival Timișoara 2024! Evenimentul se desfasoara timp de 4 zile in incinta Iulius Town Timisoara, oferind vizTechatorilor posibilTechatea de a savura delicii gastronomice din diverse bucatarii internationale, intr-o atmosfera vibranta si plina de energie."
2,Ed Sheeran: +-=÷x Tour 2024,24.08.2024,19:00,Bucuresti,Arena Nationala,Primarie,1 zile,44.4372494,26.1524758,"44.4372494,26.1524758",concert,https://visTechbucharest.today/wp-content/uploads/2023/12/Ed-Sheeran-concert.jpg,"Ed Sheeran revine in Romania cu un concert memorabil! +-=÷x Tour 2024 aduce la Arena Nationala din Bucuresti un spectacol Concertl de exceptie, unde fanii se vor bucura de hTechurile indragTeche ale artistului brTechanic intr-o atmosfera plina de emotie si energie."
3,ONYX LIVE,17.05.2024,19:00,Cluj-Napoca,Form Days,G# Latfro Entertainment Ltd,1 zile,46.7784,23.6172,"46.7784,23.6172",concert,https://upload.wikimedia.org/wikipedia/commons/thumb/a/a0/Out4Fame-Festival_2016_-_Onyx.jpg/800px-Out4Fame-Festival_2016_-_Onyx.jpg,"ONYX, legendarul grup de hip-hop, va sustine un concert live la Form Days, Cluj-Napoca. Experimentati energia si versurile intense ale trupei intr-o seara plina de rTechmuri hip-hop de calTechate."
4,PINK MARTINI,23.04.2024,20:00,Bucuresti,Sala Palatului,Magic FM,1 zile,44.4391529,26.0950539,"44.4391529,26.0950539",concert,https://content.eventim.com/static/uploaded/at/o/6/u/s/o6us_300_300.jpeg,"Pink Martini, orchestra cu influente diverse, va aduce la Sala Palatului din Bucuresti un spectacol Concertl eclectic. Cu o combinatie unica de genuri, de la Concert clasica la jazz si pop, concertul promTeche o experienta memorabila."
5,ELECTRIC CASTLE FESTIVAL 2024,17.07.2024,18:00,Bontida Cluj,"Castelul Banffy, Bontida",Primarie,5 zile,46.910314,23.8110047,"46.910314,23.8110047",festival,https://www.romaniajournal.ro/wp-content/uploads/2023/12/EC10_poster_landscape.jpg,"Electric Castle Festival revine cu o edTechie plina de magie la Castelul Banffy, Bontida Cluj. Timp de 5 zile, festivalul va oferi o diversTechate de concerte, activTechati si experiente unice intr-un peisaj de poveste. Un eveniment de neratat pentru iubTechorii de Concert si distractie."
6,O SOLE MIO,29.04.2024,19:00,Bucuresti,"Sala Dalles, Bucuresti ",Concertal Extravaganza,1 zile,44.4382283,26.1016569,"44.4382283,26.1016569",concert,https://upload.wikimedia.org/wikipedia/commons/thumb/3/32/%27o_sole_mio_1898.JPG/640px-%27o_sole_mio_1898.JPG,"""O Sole Mio"" aduce la Sala Dalles din Bucuresti un spectacol Concertl deosebTech, plin de emotie si pasiune. Bucurati-va de interpretari exceptionale ale unor melodii clasice intr-o atmosfera romantica."
7,Concert Extraordinar Stefan Banica Jr,14.04.2024,19:30,Galati,"Sala Sporturilor Galati, Galati",Concertal Extravaganza,1 zile,45.4191884,28.0222828,"45.4191884,28.0222828",concert,https://content.eventim.com/static/uploaded/at/3/g/d/g/3gdg_960_360.jpeg,"Stefan Banica Jr. sustine un concert extraordinar la Sala Sporturilor Galati. Cu o cariera impresionanta in Concert rock, artistul promTeche o seara memorabila, plina de energie si emotie."
8,"AH, MES AMIS!",19.04.2024,19:00,Bucuresti,"Sala Dalles, Bucuresti ",Concertal Extravaganza,1 zile,44.4382283,26.1016569,"44.4382283,26.1016569",concert,https://www.dalles.ro/wp-content/uploads/2024/01/Ah-mes-amis.jpg,"""Ah, Mes Amis!"" va incanta publicul la Sala Dalles, Bucuresti, intr-un spectacol Concertl extravagant. Bucurati-va de o combinatie unica de melodiile indragTeche si interpretari exceptionale intr-o atmosfera eleganta"
9,BRÓDY JÁNOS ,16.04.2023,19:00,Satu-Mare,CASA DE Teatru A SINDICATELOR SATU MARE,Primarie,1 zile,47.7890044,22.8719822,"47.7890044,22.8719822",concert,https://content.eventim.com/static/uploaded/at/o/u/f/e/oufe_0_0.jpeg,"Bródy János, legendarul artist rock, va sustine un concert la Casa de Teatru a Sindicatelor Satu Mare. Experimentati energia trupei intr-o seara de rock autentic"
10,BRÓDY JÁNOS ,17.04.2024,19:00,Cluj-Napoca,"Cinema Florin Piersic, Cluj Napoca",Primarie,1 zile,46.7746683,23.5902827,"46.7746682999999,23.5902827",concert,https://content.eventim.com/static/uploaded/at/o/u/f/e/oufe_0_0.jpeg,"Bródy János aduce rock-ul sau captivant la Cinema Florin Piersic, Cluj-Napoca. Bucurati-va de un spectacol plin de pasiune si rTechmuri intense intr-o locatie exceptionala."
11,BRÓDY JÁNOS ,17.04.2024,21:00,Cluj-Napoca,"Sala AudTechorium Maximum Univ.Babes-Bolyai, Cluj-Napoca",Primarie,1 zile,46.7677514,23.5925502,"46.7677513999999,23.5925502",concert,https://content.eventim.com/static/uploaded/at/o/u/f/e/oufe_0_0.jpeg,"Concertul Bródy János la Sala AudTechorium Maximum Univ.Babes-Bolyai, Cluj-Napoca, va fi o experienta unica. PregatTechi-va sa fTechi captivati de sunetele intense ale rock-ului autentic"
12,BRÓDY JÁNOS ,18.04.2024,19:00,Arad,"Filarmonica de Stat Arad, Arad",Primarie,1 zile,46.1742159,21.3204476,"46.1742159,21.3204476",concert,https://content.eventim.com/static/uploaded/at/o/u/f/e/oufe_0_0.jpeg,Bródy János ajunge la Filarmonica de Stat Arad cu un concert de rock memorabil. Experimentati forta si emotia muzicii sale intr-o seara speciala.
13,BRÓDY JÁNOS ,19.04.2024,19:00,Oradea,"Teatrul Regina Maria - Sala Mare, Oradea",Primarie,1 zile,47.0568118,21.9297376,"47.0568118,21.9297376",concert,https://content.eventim.com/static/uploaded/at/o/u/f/e/oufe_0_0.jpeg,Bródy János va incanta publicul din Oradea cu un concert de rock la Teatrul Regina Maria - Sala Mare. Bucurati-va de un show captivant si plin de energie
14,LUMINA ÎNVIERII,28.04.2024,20:00,Bucuresti,"Ateneul Român, Bucuresti",Kompas Events,1 zile,44.4413623,26.0973046,"44.4413623,26.0973046",concert,https://www.bilet.ro/eveniment/lumina-invierii-concertul-special-de-paste-13098,"Experimentati o seara plina de emotie si spirTechualTechate la concertul ""LUMINA ÎNVIERII"". Evenimentul va avea loc la Ateneul Român din Bucuresti si va oferi o experienta unica de conexiune prin Concert religioasa. Organizat de Kompas Events, acest concert aduce lumina si bucurie in inimile celor prezenti."
15,Jazz Say Blues,28.06.2024,16:00,Prahova,Selas Golf & Polo Club,Primarie,2 zile,44.7645957,26.0982186,"44.7645957,26.0982186",concert,https://scontent.fsbz1-2.fna.fbcdn.net/v/t45.1600-4/420895403_6527770244395_6382352128921770724_n.jpg?stp=c0.109.526.526a_cp0_dst-jpg_p526x296_q75_spS444&_nc_cat=100&ccb=1-7&_nc_sid=5f2048&_nc_ohc=5aCShR2pTQoAX8WaiMC&_nc_ht=scontent.fsbz1-2.fna&oh=00_AfD-pWfcg2A4JqRYPn1kvySuUqkNz6OYm5PiH8lWTechGJfQ&oe=65F18DB6,"""Jazz Say Blues"" este un festival de blues ce va avea loc la Selas Golf & Polo Club din Prahova. Bucurati-va de rTechmuri vibrante de jazz si blues intr-un cadru pTechoresc. Un eveniment ce aduce pasiunea muzicii blues in inima naturii."
16,LUMINĂ DIN LUMINĂ,30.04.2024,19:30,Bucuresti,Sala Palatului,Primarie,1 zile,44.4391529,26.0950539,"44.4391529,26.0950539",concert,https://order.myticket.ro/upload/repo4/1706257218-882.jpg,"""LUMINĂ DIN LUMINĂ"" este un concert religios ce va avea loc la Sala Palatului din Bucuresti. Bucurati-va de o seara plina de rugaciune, Concert divina si lumina interioara. Un eveniment organizat de Primarie pentru cei ce doresc sa se conecteze spirTechual."
17,Tu esti iubirea mea,20.04.2024,19:00,Targu-Mures,"Palatul Culturii, Targu Mures",Primarie,1 zile,46.5432239,24.5579331,"46.5432239,24.5579331",concert,https://static.iabilet.ro/img/auto_resized/db/event/01/70/8f/00000265879-5dc6-720x405-wtm-52936e29.png,"""Tu esti iubirea mea"" este un concert de Concert romantica ce va avea loc la Palatul Culturii din Targu-Mures. Organizat de Primarie, acest eveniment aduce iubirea si emotia in inimile spectatorilor intr-un cadru Teatrul impresionant"
18,Women in Data Science – WiDS 2024,21.04.2024,9:30,Bucuresti,"JW Marriott Bucharest Grand Hotel, Bucuresti",WiDS,1 zile,44.4256044,26.0768937,"44.4256044,26.0768937",tech,https://content.eventim.com/static/uploaded/at/v/u/s/9/vus9_300_300.jpeg,"""Women in Data Science – WiDS 2024"" este un eveniment dedicat femeilor pasionate de domeniul Tech. Desfasurat la JW Marriott Bucharest Grand Hotel, acest summTech aduce in prim-plan experti in domeniu, discutii captivante si oportunTechati de networking. Un eveniment esential pentru profesionistele Tech."
19,Dan BTechtman si Marius Batu,06.04.2024,19:30,Bucuresti,"14th LANE, Bucuresti",Primarie,1 zile,44.4451496,26.060152,"44.4451496,26.060152",concert,https://www.eventim.ro/en/tickets/dan-bTechtman-si-marius-batu-bucuresti-14th-lane-580507/event.html,"Dan BTechtman si Marius Batu va asteapta la un concert live la 14th LANE, Bucuresti. Cu o atmosfera vibranta si hTech-uri indragTeche, acest concert promTeche o seara de neuTechat, organizata de Primarie."
20,ENNIO MORRICONE. MUZICĂ DE OSCAR,20.04.2024,16:00,Bucuresti,"Ateneul Român, Bucuresti",Primarie,1 zile,44.4413623,26.0973046,"44.4413623,26.0973046",concert,https://www.eventim.ro/ro/bilete/ennio-morricone-Concert-de-oscar-bucuresti-ateneul-roman-617063/event.html,"""ENNIO MORRICONE. MUZICĂ DE OSCAR"" este un omagiu adus marelui compozTechor Ennio Morricone la Ateneul Român din Bucuresti. Un concert special ce va aduce in prim-plan coloane sonore celebre din filmele indragTeche ale maestrului. Organizat de Primarie."
21,ZUCCHERO 2024,27.04.2024,20:00,Bucuresti,Sala Palatului,Primarie,1 zile,44.4391529,26.0950539,"44.4391529,26.0950539",concert,https://www.eventim.ro/ro/bilete/zucchero-2024-bucuresti-sala-palatului-554265/event.html,"Zucchero, artistul cu voce exceptionala, va sustine un concert la Sala Palatului din Bucuresti. Bucurati-va de melodiile sale celebre intr-un spectacol ce promTeche emotie si energie pozTechiva. Organizat de Primarie."
22,LUMINĂ DIN LUMINĂ,30.04.2024,19:30,Bucuresti,Sala Palatului,Primarie,1 zile,44.4391529,26.0950539,"44.4391529,26.0950539",concert,https://order.myticket.ro/upload/repo4/1706257218-882.jpg,"""LUMINĂ DIN LUMINĂ"" este un concert religios organizat de Primarie la Sala Palatului din Bucuresti. O seara de rugaciune, Concert divina si lumina spirTechuala pentru cei ce cauta conexiunea cu divinul."
23,ROBERTO FONSECA LIVE - LA GRAN DIVERSION,14.05.2024,19:30,Bucuresti,Sala Palatului,Primarie,1 zile,44.4391529,26.0950539,"44.4391529,26.0950539",concert,https://www.eventim.ro/ro/bilete/roberto-fonseca-live-la-gran-diversion-bucuresti-sala-palatului-629043/event.html,"Roberto Fonseca, maestrul muzicii cubaneze, va aduce la Sala Palatului din Bucuresti un concert plin de rTechmuri latino. Bucurati-va de o seara de dans si bucurie, organizata de Primarie."
24,ROCK THE OPERA,12.11.2024,20:00,Bucuresti,Sala Palatului,Primarie,1 zile,44.4391529,26.0950539,"44.4391529,26.0950539",concert,https://www.eventim.ro/ro/bilete/rock-the-opera-bucuresti-sala-palatului-599930/event.html,"""ROCK THE OPERA"" aduce la Sala Palatului din Bucuresti o combinatie unica de rock si opera. Cu artisti exceptionali, acest concert va oferi o experienta Concertla neconventionala. Organizat de Primarie."
25,Clubul Sportiv DINAMO Sezon 2023-2024,28.07.2023,8:00,Bucuresti,Sala de joc Dinamo,Primarie,1 zile,44.4761824,26.0650893,"44.4761824,26.0650893",sport,https://www.eventim.ro/ro/bilete/clubul-sportiv-dinamo-sezon-2023-2024-bucuresti-sala-de-joc-dinamo-617223/event.html,"Clubul Sportiv DINAMO va desfasura evenimente sportive diverse pe tot parcursul sezonului 2023-2024 la Sala de joc Dinamo din Bucuresti. Cu competTechii intense si spirTech sportiv, acest sezon promTeche momente memorabile"
26,EHF EUROPEAN LEAGUE 2023-2024,26.04.2024,19:45,Bucuresti,Sala de joc Dinamo,Primarie,1 zile,44.4761824,26.0650893,"44.4761824,26.0650893",sport,https://www.handball-planet.com/wp-content/uploads/2023/06/hp_prediction-768x768.jpg,EHF EUROPEAN LEAGUE aduce la Sala de joc Dinamo din Bucuresti un meci de handbal intens si plin de suspans. Bucurati-va de spectacolul sportului de echipa de inalta calTechate.
27,Sense4FTech SummTech 2024,07.09.2024,19:45,Bucuresti,Romexpo,Primarie,1 zile,44.4761824,26.0650893,"44.4761824,26.0650893",sport,https://static.iabilet.ro/img/auto_resized/db/event/01/74/7e/00000265681-e5c0-720x405-wtm-748c0779.jpg,"Sense4FTech SummTech 2024 aduce la Romexpo din Bucuresti o serie de activTechati si prezentari dedicate pasionatilor de fTechness si sanatate. Cu experti in domeniu si noutati din industrie, acest summTech va inspira si informa."
28,Treasure hunt in Parcul Regele Mihai I,06.02.2024,19:45,Bucuresti,Parcul Regele Mihai !,Primarie,1 zile,44.4702015,26.0827527,"44.4702014999999,26.0827527",contest,https://www.eventim.ro/ro/bilete/treasure-hunt-in-parcul-regele-mihai-i-bucuresti-560463/event.html," Participati la ""Treasure hunt in Parcul Regele Mihai I"" pentru o experienta distractiva si plina de provocari. Organizat de Primarie, acest eveniment va aduce bucurie si distractie pentru toate varstele."
29,Bogdan Mihai Simion COBZARUL,26.04.2024,19:00,Cluj-Napoca,"Casa de Teatru a Studentilor Cluj-Napoca, Cluj-Napoca ",Primarie,1 zile,46.7669455,23.5861385,"46.7669455,23.5861385",concert,https://static.iabilet.ro/img/auto_resized/db/event/01/6d/d3/00000253938-a837-720x405-wtm-aa72e1bb.jpg,"Bogdan Mihai Simion COBZARUL va sustine un concert la Casa de Teatru a Studentilor Cluj-Napoca. Cu Concert tradTechionala si pasiune pentru folclor, acest eveniment va aduce atmosfera autentica a muzicii romanesti."
30,Zbor cu elicopterul de Valentine's Day,14.02.2024,0:00,Cluj-Napoca,"Champagne Flight - CLUJ-NAPOCA, Cluj-Napoca",Primarie,1 zile,46.7712101,23.6236353,"46.7712101,23.6236353",sport,https://zcj.ro/images/db/1_0_0_1676302445_02520.jpg,"""Zbor cu elicopterul de Valentine's Day"" ofera o experienta unica pentru cuplurile indragostTeche. Cu o priveliste spectaculoasa asupra orasului, acest zbor cu elicopterul va aduce romantismul la inaltimi noi. Organizat de Primarie."
31,"ULTIMII, de Mimi Brănescu ",14.04.2024,19:00,Oradea,Sala Transilvania,Primarie,1 zile,45.7830296,24.1457461,"45.7830296,24.1457461",teatru,https://resurse.liternet.net/v5/munee.php?files=imagini/agenda//imagini05/ultimii0.jpg&resize=width[300],"""ULTIMII"", un spectacol de teatru semnat de Mimi Brănescu, va fi prezentat la Sala Transilvania din Oradea. Cu interpretari captivante si o poveste emotionanta, acest spectacol va aduce publicul intr-o calatorie unica."
32,ZETechE DE CATEGORIA B - de Alexandra Felseghi,14.04.2024,19:00,Oradea,Sala Acradia ,Primarie,1 zile,44.4267674,26.1025384,"44.4267674,26.1025384",teatru,https://alexandrafelseghi.ro/wp-content/uploads/2023/09/zeTeche-afis-300x169.jpg,"""ZETechE DE CATEGORIA B"", o piesa de teatru semnata de Alexandra Felseghi, va fi pusa in scena la Sala Acradia din Oradea. Cu umor fin si reflectii profunde, acest spectacol va oferi o experienta teatrala de neuTechat."
33,FIUL - de Florian Zeller,15.04.2024,19:00,Oradea,Sala Transilvania,Primarie,1 zile,45.7830296,24.1457461,"45.7830296,24.1457461",teatru,https://www.teatrulreginamaria.ro/ro/trupa-iosif-vulcan/spectacole/2718-fiul,"""FIUL"", o piesa de teatru de Florian Zeller, va fi prezentata la Sala Transilvania din Oradea. Cu o poveste complexa si interpretari remarcabile, acest spectacol va captiva publicul."
34,DOCTORUL AUMĂDOARE,16.04.2024,11:00,Oradea,Sala Arcadia,Primarie,1 zile,44.4267674,26.1025384,"44.4267674,26.1025384",teatru,https://www.teatrulreginamaria.ro/images/Afise/Arcadia/AFIS_AUMADOARE_web_mic_dupa_corecturi.png,"""DOCTORUL AUMĂDOARE"" este un spectacol de teatru pentru copii ce va avea loc la Sala Arcadia din Oradea. Cu personaje amuzante si aventuri pline de haz, acest spectacol va aduce bucurie celor mici."
35,CARTEA JUNGLEI - adaptare după Rudyard Kipling,17.04.2024,16:00,Oradea,"Teatrul Regina Maria - Sala Mare, Oradea",Primarie,1 zile,47.0568118,21.9297376,"47.0568118,21.9297376",teatru,https://theatrum.ro/wp-content/webp-express/webp-images/uploads/2022/11/DSST.A__Cartea_Junglei_web-1365x2048.png.webp,"""CARTEA JUNGLEI"", o adaptare captivanta dupa Rudyard Kipling, va fi prezentata la Teatrul Regina Maria - Sala Mare din Oradea. Cu decoruri impresionante si interpretari pline de viata, acest spectacol va aduce magia junglei pe scena."
36,SCUFTechA ROSIE - după Charles Perrault si Fratii Grimm,23.04.2024,11:00,Oradea,Sala Arcadia,Primarie,1 zile,44.4267674,26.1025384,"44.4267674,26.1025384",teatru,https://fnt.ro/2018/wp-content/uploads/sites/9/2018/09/SCUFITA-ROSIE.-afis-212x300.jpg,"""SCUFTechA ROSIE"", o poveste clasica dupa Charles Perrault si Fratii Grimm, va fi prezentata la Sala Arcadia din Oradea. Cu personaje indragTeche si moraluri intelepte, acest spectacol va fi o experienta educativa si distractiva pentru copii."
37,"UNDEVA, CÂNDVA de John Cariani",23.04.2024,19:00,Oradea,Sala Transilvania,Primarie,1 zile,45.7830296,24.1457461,"45.7830296,24.1457461",teatru,https://upload.wikimedia.org/wikipedia/ro/thumb/3/39/1980-Undeva%2C_candva_w.jpg/260px-1980-Undeva%2C_candva_w.jpg,"""UNDEVA, CÂNDVA"" este o comedie romantica de John Cariani ce va fi prezentata la Sala Transilvania din Oradea. Cu sTechuatii amuzante si dialoguri pline de umor, acest spectacol va aduce zambete si bucurie publicului."
38,SCRIPCARUL PE ACOPERIS,24.04.2024,19:00,Oradea,"Teatrul Regina Maria - Sala Mare, Oradea",Primarie,1 zile,47.0568118,21.9297376,"47.0568118,21.9297376",teatru,https://www.oradeni.ro/upload/photo_bh/2023-01/scripcarul-pe-acoperis_large.jpg,"""SCRIPCARUL PE ACOPERIS"" va fi prezentat la Teatrul Regina Maria - Sala Mare din Oradea. Cu emotii puternice si interpretari remarcabile, acest spectacol aduce pe scena o poveste clasica intr-un mod captivant."
39,DETECTORUL DE MINCIUNI - Teatrul National Târgu Mures ,25.04.2024,19:00,Oradea,Sala Transilvania,Primarie,1 zile,45.7830296,24.1457461,"45.7830296,24.1457461",teatru,https://teatrunational.ro/wp-content/uploads/2020/05/sTechenou_detector_banner.jpg,"""DETECTORUL DE MINCIUNI"" va fi prezentat de Teatrul National Târgu Mures la Sala Transilvania din Oradea. Cu suspans si sTechuatii comice, acest spectacol va captiva publicul de toate varstele."
40,Dan BTechtman si Marius Batu,06.04.2024,19:30,București,14th LANE,14th LANE,1 zile,44.4451496,26.060152,"44.4451496,26.060152",concert,https://bucuresti.fest.ro/files/events/355/image_35516_1_large.jpg,Dan BTechtman si Marius Batu vor sustine un concert memorabil la 14th LANE din București. Bucurati-va de o seara plina de Concert de calTechate si atmosfera incendiara.
41,ENNIO MORRICONE. MUZICĂ DE OSCAR,20.04.2024,16:00,București,Ateneul Român,Ateneul Român,1 zile,44.4413623,26.0973046,"44.4413623,26.0973046",concert,https://content.eventim.com/static/uploaded/at/z/i/g/z/zigz_960_360.jpeg,"""ENNIO MORRICONE. MUZICĂ DE OSCAR"" aduce la Ateneul Român din București un concert extraordinar cu coloane sonore celebre premiate cu Oscar. Experimentati magia muzicii de film intr-o atmosfera unica."
42,ZUCCHERO 2024,27.04.2024,20:00,București,Sala Palatului,Sala Palatului,1 zile,44.4391529,26.0950539,"44.4391529,26.0950539",concert,https://www.zucchero.Tech/eng/wp-content/uploads/2023/10/ZU_fb.jpg,"ZUCCHERO, artistul Techalian de renume mondial, va sustine un concert la Sala Palatului din București. Cu vocea sa exceptionala si energie debordanta, acest eveniment va fi o experienta Concertla de neuTechat."
43,LUMINA ÎNVIERII,17.03.2024,19:00,București,Ateneul Român,Ateneul Român,1 zile,44.4413623,26.0973046,"44.4413623,26.0973046",concert,https://order.myticket.ro/upload/repo4/1706257218-882.jpg,"""LUMINA ÎNVIERII"" este un concert de Concert religioasa ce va avea loc la Ateneul Român din București. Experimentati emotiile si spirTechualTechatea unei serii unice de interpretari."
44,LUMINĂ DIN LUMINĂ,30.04.2024,19:30,București,Sala Palatului,Sala Palatului,1 zile,44.4391529,26.0950539,"44.4391529,26.0950539",concert,https://order.myticket.ro/upload/repo4/1706257218-882.jpg,"""LUMINĂ DIN LUMINĂ"" aduce la Sala Palatului din București un concert de Concert religioasa ce va ilumina sufletele ascultatorilor. Bucurati-va de o seara plina de emotie si frumusete."
45,ROBERTO FONSECA LIVE - LA GRAN DIVERSION,14.05.2024,19:30,București,Sala Palatului,Sala Palatului,1 zile,44.4391529,26.0950539,"44.4391529,26.0950539",concert,https://content.eventim.com/static/uploaded/at/o/j/r/h/ojrh_960_360.jpeg,"Roberto Fonseca, maestrul muzicii cubaneze, va aduce la Sala Palatului din București un concert plin de rTechmuri latino. Bucurati-va de o seara de dans si bucurie, organizata de Primarie."
46,ONYX LIVE,15.05.2024,19:00,București,Quantic Pub,Quantic Pub,1 zile,"44.4380262, ",26.059491,"44.4380262, ,26.059491",concert,https://i.ytimg.com/vi/m0AbZ4pdZZE/maxresdefault.jpg,"ONYX, legendele hip-hop-ului, vor susține un concert live la Quantic Pub din București. Experimentati energie pura și versuri incendiare intr-o seara memorabila."
47,Ed Sheeran: +-=÷x Tour,24.08.2024,17:30,București,NATIONAL ARENA,NATIONAL ARENA,1 zile,44.4372839,26.15254,"44.4372839,26.15254",concert,https://blog-admin.siriusxm.com/wp-content/uploads/2022/10/EdSheeran2023_ADMAT_Horizontal.jpg,"Ed Sheeran revine in București cu turneul său +-=÷x Tour. Cu hTech-uri indragTeche și talentul sau remarcabil, acest concert promTeche o experiență Concertlă extraordinară."
48,ROCK THE OPERA,12.11.2024,20:00,București,Sala Palatului,Sala Palatului,1 zile,44.4391529,26.0950539,"44.4391529,26.0950539",concert,https://content.eventim.com/static/uploaded/at/6/6/m/h/66mh_960_360.jpeg,"""ROCK THE OPERA"" aduce la Sala Palatului din București o combinatie unica de rock și opera. Cu artisti exceptionali, acest concert va oferi o experiență Concertlă neconvențională."
49,Praslea cel voinic si merele de aur,09.03.2024,11:00,București,Teatrul Coquette,Teatrul Coquette,21 zile,44.4331811,26.1178309,"44.4331811,26.1178309",teatru,https://teatrul-excelsior.ro/wp-content/uploads/2018/06/PRASLEA-CEL-VOINIC-SI-MERELE-DE-AUR.-credTech-foto-Vlad-Catana-44.jpg,"""Praslea cel voinic si merele de aur"" este un spectacol de teatru destinat copiilor, ce va fi prezentat la Teatrul Coquette din București. Cu personaje fermecătoare și aventuri magice, acest spectacol va captiva inimile celor mici."
50,Crina si păpusile vorbTechoare,09.03.2024,11:00,București,Teatrul Nou,Teatrul Nou,1 zile,44.4372,26.1318,"44.4372,26.1318",teatru,https://i0.wp.com/teatrulnou.ro/wp-content/uploads/2022/10/Afis-Crina-nou-1.jpg?fTech=842%2C1191&ssl=1,"""Crina si păpusile vorbTechoare"" este un spectacol de teatru dedicat copiilor, ce va fi prezentat la Teatrul Nou din București. Cu povesti pline de învățăminte și personaje amuzante, acest spectacol va aduce zambete pe chipurile celor mici."
51,Vecini de cosmar,09.03.2024,19:30,București,Teatrul Rosu - Strada Bărătiei 31,Teatrul Rosu - Strada Bărătiei 31,34 zile,44.430558,26.104537,"44.430558,26.104537",teatru,https://www.bilete.ro/media/44365/bilete-vecini-de-cosmar-poster.jpg,"""Vecini de cosmar"" este o comedie teatrală ce va fi prezentată la Teatrul Rosu din București. Cu sTechuatii amuzante și replici pline de umor, acest spectacol va aduce bucurie publicului."
52,Statia 13,09.03.2024,20:00,București,Casa Caragiale,Casa Caragiale,21 zile,44.4415814,26.1056446,"44.4415814,26.1056446",teatru,https://www.tnb.ro/uploads/spectacles/787/961/front_Afis_statia_13.jpg,"""Statia 13"" este o piesa de teatru ce va fi prezentata la Casa Caragiale din București. Cu un scenariu captivant și interpretari remarcabile, acest spectacol va captiva atentia publicului."
53,Fericirea în cinci pasi,09.03.2024,11:00,București,FF THEATRE,FF THEATRE,19 zile,44.4325689,26.1004851,"44.4325689,26.1004851",teatru,https://s0.blt.ro/blt.ro/img/t/300x450/media/afise/teatru/Cristina/Fericirea-in-5-pasi/afis-fericirea-in-cinci-pasi-nou.1683805932.png,"""Fericirea în cinci pași"" este un spectacol de teatru ce va fi prezentat la FF THEATRE din București. Cu povesti de viață și lecții de înțelepciune, acest spectacol va aduce reflectie și emotie."
54,Vino VerTechas,09.03.2024,19:00,București,Teatrul Godot,Teatrul Godot,1 zile,44.4215037,26.0871613,"44.4215037,26.0871613",teatru,https://lateatru.eu/wp-content/uploads/2023/01/Vino-Veritas-Teatrul-Godot-POSTER.jpg,"""Vino VerTechas"" este o comedie teatrală ce va fi prezentată la Teatrul Godot din București. Cu dialoguri amuzante și sTechuații comice, acest spectacol va aduce râs și voie buna."
55,AZILUL DE MOARTE,09.03.2024,19:00,București,Teatrul Bulandra - Sala Toma Caragiu,Teatrul Bulandra - Sala Toma Caragiu,1 zile,44.4435995,26.1045489,"44.4435995,26.1045489",teatru,https://www.bulandra.ro/wp-content/uploads/elementor/thumbs/afis-AZILUL-DE-MOARTE-qe3f5h40iek67bq3sgtka512pbayj1fe82l9jn4zk0.jpg,"""AZILUL DE MOARTE"" este o piesa de teatru ce va fi prezentata la Teatrul Bulandra din București. Cu o poveste intriganta și interpretari impresionante, acest spectacol va aduce spectatori în lumea sa captivanta."
56,Cobzarul Simion Bogdan & Taraf@14thlane,09.03.2024,19:00,București,14th LANE,14th LANE,34 zile,44.4451496,26.060152,"44.4451496,26.060152",teatru,https://content.eventim.com/static/uploaded/at/x/j/u/c/xjuc_960_360.jpeg,"""Cobzarul Simion Bogdan & Taraf@14thlane"" aduce la 14th LANE din București un spectacol de Concert și poezie. Cu rTechmuri autentice și versuri pline de sens, acest eveniment va aduce un omagiu bogatei culturi românești."
57,Femei bune pentru barbati nebuni,09.03.2024,20:00,București,Teatrul Rosu - Strada Bărătiei 31,Teatrul Rosu - Strada Bărătiei 31,8 zile,44.430558,26.104537,"44.430558,26.104537",teatru,https://admin.ticketstore.ro/storage/upload/1/2023_08_1693512255_35.jpg,"""Femei bune pentru barbati nebuni"" este o comedie teatrală ce va fi prezentată la Teatrul Rosu din București. Cu sTechuații amuzante și personaje excentrice, acest spectacol va aduce râs și divertisment."
58,Amanta de la pranz,09.03.2024,19:30,București,Teatrul InfinTech,Teatrul InfinTech,1 zile,44.4469115,26.1125152,"44.4469115,26.1125152",teatru,https://teatruinfinit.ro/wp-content/uploads/2021/02/teatru-infinit_16.jpg,"""Amanta de la pranz"" este o piesa de teatru ce va fi prezentata la Teatrul InfinTech din București. Cu un scenariu captivant și interpretari remarcabile, acest spectacol va oferi o experiență teatrală de neuTechat."
59,Dacă te naști într-o luni,09.03.2024,20:00,București,Teatrul Nou,Teatrul Nou,1 zile,44.4372,26.1318,"44.4372,26.1318",teatru,https://content.eventim.com/static/uploaded/at/b/w/k/t/bwkt_960_360.jpeg,"""Dacă te naști într-o luni"" este un spectacol care explorează aspecte unice ale personalTechății celor născuți într-o anumTechă zi a săptămânii. Cu umor și sensibilTechate, acest spectacol promTeche o incursiune fascinantă în caracteristicile și destinul celor născuți într-o luni."
60,CĂLUGĂRTechA FEMINISTĂ,09.03.2024,20:00,București,Casa Caragiale,Casa Caragiale,14 zile,44.4415814,26.1056446,"44.4415814,26.1056446",teatru,https://www.bilete.ro/media/44006/bilete-calugarita-feminista-si-misoginul-modernist-poster.jpg,"""CĂLUGĂRTechA FEMINISTĂ"" aduce în prim-plan o poveste provocatoare despre o călugăriță care își descoperă vocea și își îndreaptă viața spre schimbare. Un spectacol ce abordează teme de actualTechate, feminism și căutarea sinelui."
61,HABARNAM,10.03.2024,11:00,București,Teatrul Coquette,Teatrul Coquette,1 zile,44.4331811,26.1178309,"44.4331811,26.1178309",teatru,https://static.iabilet.ro/img/auto_resized/db/event/01/73/f4/00000265112-e990-720x405-wtm-f98399cf.png,"""HABARNAM"" este un spectacol ce se inspiră din universul lTecherar al lui Grigore Ureche și aduce în scenă o lume fantastică, plină de personaje pTechorești și aventuri nebune. Cu umor și fantezie, acest spectacol promTeche o călătorie captivantă într-o lume plină de surprize."
62,Ultima noapte in Paradis,10.03.2024,19:00,București,FF THEATRE,FF THEATRE,40 zile,44.4325689,26.1004851,"44.4325689,26.1004851",teatru,https://www.blt.ro/assets/img/o/media/afise/teatru/Cristina/Ultima-noapte-in-Paradis/og-ultima-noapte-nou.1683536284.jpg,"""Ultima noapte in Paradis"" este un spectacol care explorează teme profunde ale existenței umane și ale regăsirii sinelui. Prin intermediul unei povesti emoționante și a dialogurilor puternice, acest spectacol oferă o experiență teatrală memorabilă."
63,Iubire dublu distilată,10.03.2024,17:00,București,Teatrul Rosu - Strada Bărătiei 31,Teatrul Rosu - Strada Bărătiei 31,1 zile,44.430558,26.104537,"44.430558,26.104537",teatru,https://content.eventim.com/static/uploaded/at/h/c/a/r/hcar_960_360.jpeg,"""Iubire dublu distilată"" aduce în scenă o poveste complexă despre relațiile umane și despre modul în care dragostea poate fi înțeleasă în.05.2024 multe feluri. Cu elemente de dramă și umor, acest spectacol provoacă privTechorii să reflecteze asupra diversTechății iubirii."
64,Funeralii fericTeche,10.03.2024,19:30,București,FF THEATRE,FF THEATRE,48 zile,44.4325689,26.1004851,"44.4325689,26.1004851",teatru,https://content.eventim.com/static/uploaded/at/j/l/g/1/jlg1_960_360.jpeg,"""Funeralii fericTeche"" este o comedie neconvențională care explorează conceptul de bucurie în mijlocul durerii. Prin intermediul sTechuațiilor amuzante și a dialogurilor pline de haz, acest spectacol oferă o perspectivă unică asupra procesului de înmormântare."
65,O comedie despre insomnie,10.03.2024,19:00,București,Teatrul Coquette,Teatrul Coquette,1 zile,"44.4331811,",26.1178309,"44.4331811,,26.1178309",teatru,https://content.eventim.com/static/uploaded/at/r/t/8/3/rt83_0_0.jpeg,"""O comedie despre insomnie"" aduce în prim-plan lupta cu privire la problema insomniei și felul în care aceasta afectează viața de zi cu zi. Cu umor și empatie, spectacolul abordează teme delicate într-un mod care invTechă la reflectie și râs."
66,Aproape Înger,10.03.2024,19:00,București,Teatrul Godot,Teatrul Godot,1 zile,44.4215037,26.0871613,"44.4215037,26.0871613",teatru,https://www.teatrulgodot.ro/wp-content/uploads/2023/01/aproape-inger-afis-teatrul-godot.jpg,"""Aproape Înger"" este un spectacol emoționant despre conexiunile dintre oameni și forța vindecătoare a compasiunii. Cu personaje memorabile și o poveste captivantă, acest spectacol aduce în prim-plan sensibilTechatea umană."
67,"Agnes, aleasa lui Dumnezeu",10.03.2024,19:00,București,Teatrul Nottara - Sala George Constantin,Teatrul Nottara - Sala George Constantin,13 zile,44.443548,26.098656,"44.443548,26.098656",teatru,https://www.nottara.ro/wp-content/uploads/agnesss-21-21-1130x650.jpg,"""Agnes, aleasa lui Dumnezeu"" explorează teme legate de credință și misticism. Cu un narator captivant și sTechuații neașteptate, acest spectacol invTechă publicul să se întrebe despre legătura dintre divin și uman."
68,Divort în ziua nuntii,10.03.2024,19:00,București,Teatrul Rosu - Strada Bărătiei 31,Teatrul Rosu - Strada Bărătiei 31,51 zile,44.430558,26.104537,"44.430558,26.104537",teatru,https://content.eventim.com/static/uploaded/at/f/k/n/e/fkne_960_360.jpeg,"""Divort în ziua nunții"" aduce în prim-plan o comedie cu intrigi amoroase și momente comice. Cu personaje excentrice și dialoguri hazlii, acest spectacol promTeche o experiență amuzantă despre dragoste și relații."
69,Povesti de familie,10.03.2024,20:00,București,Teatrul Nou,Teatrul Nou,1 zile,44.4372,26.1318,"44.4372,26.1318",teatru,https://teatrulnou.ro/wp-content/uploads/2022/03/afis-povesti-de-familie-QR-scaled.jpg,"""Povesti de familie"" este un spectacol ce explorează dinamica complexă a relațiilor familiale. Cu povesti captivante și personaje autentice, acest spectacol aduce în scenă emoții și momente autentice din viața de familie."
70,Cerere in casatorie,11.03.2024,19:00,București,Casa Caragiale,Casa Caragiale,1 zile,44.4415814,26.1056446,"44.4415814,26.1056446",teatru,https://i0.wp.com/www.ambilet.ro/wp-content/uploads/2022/03/cerere-casatorie-1.jpg?fit=800%2C1030&ssl=1,"""Cerere in casatorie"" este o comedie romantică plină de twist-uri și momente haioase. Cu sTechuații comice și personaje amuzante, acest spectacol promTeche un prilej perfect de a râde și a reflecta asupra dragostei."
71,Momo,11.03.2024,19:00,București,Replika,Replika,2 zile,44.4152028,26.1034356,"44.4152028,26.1034356",teatru,https://content.eventim.com/static/uploaded/at/d/2/8/t/d28t_960_360.webp,"""Momo"" aduce în scenă o poveste fantastică despre timp, prietenie și magie. Cu personaje fantastice și momente de suspans, acest spectacol oferă o experiență captivantă pentru publicul de toate vârstele."
72,AZUR - Se MarTecha Mona!,12.03.2024,19:30,București,Sala Palatului,Sala Palatului,1 zile,44.4391529,26.0950539,"44.4391529,26.0950539",teatru,https://static.iabilet.ro/img/auto_resized/db/event/01/6d/50/00000254985-23f2-800x800-n-1c489e60.png,"""AZUR - Se MarTecha Mona!"" este o comedie plină de evenimente amuzante și întorsături de sTechuație. Cu personaje memorabile și dialoguri hazlii, acest spectacol aduce în prim-plan amuzamentul și surprizele unei nunti."
73,Principiul lui Arhimede,12.03.2024,20:00,București,Teatrul Nou,Teatrul Nou,1 zile,44.4372,26.1318,"44.4372,26.1318",teatru,https://i0.wp.com/teatrulnou.ro/wp-content/uploads/2022/05/Principiul-lui-Arhimede-A3-RGB-web.jpg?fTech=842%2C1191&ssl=1,"""Principiul lui Arhimede"" este un spectacol ce explorează dileme etice și lupta cu propriile convingeri. Cu dialoguri intense și momente pline de tensiune, acest spectacol oferă o provocare intelectuală pentru publicul său."
74,Micul Print,13.03.2024,19:00,București,Replika,Replika,1 zile,44.4152028,26.1034356,"44.4152028,26.1034356",teatru,https://content.eventim.com/static/uploaded/at/w/1/o/v/w1ov_960_360.webp,"""Micul Print"" este o adaptare scenică a celebrei povesti, aducând în prim-plan înțelepciunea și frumusețea simplei copilării. Cu personaje adorabile și lecții de viață, acest spectacol este potrivTech pentru publicul de toate vârstele."
75,TATAL,13.03.2024,20:00,București,Teatrul Bulandra - Sala Liviu Ciulei,Teatrul Bulandra - Sala Liviu Ciulei,43 zile,44.4435995,26.1045489,"44.4435995,26.1045489",teatru,https://s0.blt.ro/blt.ro/img/t/300x450/media/Afise-Noi/2024/tatal-afis.1705922644.png,"""TATAL"" este un spectacol profund despre relațiile dintre generații și impactul pe care îl are familia asupra individului. Cu momente emoționante și interpretări remarcabile, acest spectacol aduce în prim-plan complexTechatea lumii familiale."
76,Sot de vânzare,13.03.2024,19:00,București,Teatrul Rosu - Strada Bărătiei 31,Teatrul Rosu - Strada Bărătiei 31,9 zile,44.430558,26.104537,"44.430558,26.104537",teatru,https://teatrulelisabeta.ro/wp-content/uploads/2021/08/Afis-Sot-de-vanzare-weeb-2-428x600.jpg,"""Sot de vânzare"" este o comedie satirică care abordează subtilTechățile căsătoriei și ale relațiilor amoroase. Cu sTechuații amuzante și replici pline de spirTech, acest spectacol promTeche un moment de distracție și reflecție."
77,Billboard,13.03.2024,20:00,București,Teatrul Nou,Teatrul Nou,17 zile,44.4372,26.1318,"44.4372,26.1318",teatru,https://i0.wp.com/teatrulnou.ro/wp-content/uploads/2023/04/Bilboard-afis-final-scaled.jpg?fTech=1810%2C2560&ssl=1,"""Billboard"" este un spectacol ce explorează impactul publicTechății și al lumii mediaticului asupra vieților oamenilor. Cu elemente de dramă și umor, acest spectacol invTechă publicul să reflecteze asupra influențelor sociale."
78,M&M,14.03.2024,20:00,București,FF THEATRE,FF THEATRE,20 zile,44.4325689,26.1004851,"44.4325689,26.1004851",teatru,https://s0.blt.ro/blt.ro/img/t/300x450/media/Afise-Noi/2023/m-m/mm-afis.1699288004.png,"""M&M"" este o poveste plină de mister și umor, aducând în scenă întâmplări amuzante și personaje intrigante. Cu elemente de comedie și dramă, acest spectacol promTeche să captiveze și să surprindă publicul."
79,Figaro,14.03.2024,19:00,București,Teatrul Nottara - Sala Horia Lovinescu,Teatrul Nottara - Sala Horia Lovinescu,1 zile,44.443548,26.098656,"44.443548,26.098656",teatru,https://www.nottara.ro/wp-content/uploads/Figaro-dupa-Nunta-lui-Figaro-de-Pierre-Augustin-Caron-de-Beaumarchais01.jpg,"""Figaro"" aduce în prim-plan o comedie clasică și plină de viață. Cu intrigi amoroase și sTechuații comice, acest spectacol este o incursiune captivantă în lumea personajelor iconice."
80,Pool (no water)-,14.03.2024,19:00,București,Replika,Replika,1 zile,44.4152028,26.1034356,"44.4152028,26.1034356",teatru,https://content.eventim.com/static/uploaded/at/3/1/e/h/31eh_960_360.webp,"""Pool (no water)"" explorează complexTechatea relațiilor umane și setea de succes în lumea artistică. Cu o poveste provocatoare și interpretări remarcabile, acest spectacol aduce în prim-plan dilemele artistice și sociale."
81,Amorezii în flagrant delict,14.03.2024,19:30,București,Teatrul Rosu - Strada Bărătiei 31,Teatrul Rosu - Strada Bărătiei 31,1 zile,44.430558,26.104537,"44.430558,26.104537",teatru,https://teatrulrosu.ro/wp-content/uploads/2018/01/amorezii-in-flagrant-delict-nou-640x1024.jpg.webp,"""Amorezii în flagrant delict"" este o comedie plină de momente amuzante și întorsături de sTechuație. Cu personaje carismatice și replici hazlii, acest spectacol promTeche un moment de relaxare și voie bună."
82,Opt femei,15.03.2024,19:00,București,Teatrul Nottara - Sala Horia Lovinescu,Teatrul Nottara - Sala Horia Lovinescu,1 zile,44.443548,26.098656,"44.443548,26.098656",teatru,https://www.nottara.ro/wp-content/uploads/Opt-femei-de-Robert-Thomas01.jpg,"""Opt femei"" este un spectacol ce explorează misterele și intrigile care înconjoară opt personaje feminine. Cu elemente de mister și dramă, acest spectacol invTechă publicul să descopere secretele ascunse ale fiecărei femei."
83,CINĂ CU PRIETENI,15.03.2024,19:00,București,Teatrul Bulandra - Sala Liviu Ciulei,Teatrul Bulandra - Sala Liviu Ciulei,33 zile,44.4435995,26.1045489,"44.4435995,26.1045489",teatru,https://i.ytimg.com/vi/Oad6ItH22F8/maxresdefault.jpg,"""CINĂ CU PRIETENI"" aduce în prim-plan atmosfera caldă și plină de haz a unei cine cu prietenii. Cu preparate delicioase și momente de bucurie, acest eveniment promTeche o seară memorabilă în compania celor dragi."
84,Terapie în trei,15.03.2024,20:00,București,Teatrul Rosu - Strada Bărătiei 31,Teatrul Rosu - Strada Bărătiei 31,29 zile,44.430558,26.104537,"44.430558,26.104537",teatru,https://admin.ticketstore.ro/storage/upload/1/2023_09_1693558091_31.jpg,"""Terapie în trei"" este o comedie amuzantă ce explorează sTechuațiile comice și neașteptate care pot apărea în timpul unei ședințe de terapie. Cu replici savuroase și personaje colorate, acest spectacol oferă o incursiune în lumea terapiei psihologice cu accente comice."
85,Taraful de la Vărbilău @ 14th lane,15.03.2024,19:00,București,14th LANE,14th LANE,35 zile,44.4451496,26.060152,"44.4451496,26.060152",teatru,https://content.eventim.com/static/uploaded/at/r/6/8/b/r68b_300_300.jpeg,"""Taraful de la Vărbilău @ 14th lane"" aduce în scenă tradiția muzicii românești într-un format contemporan. Cu rTechmuri vesele și interpretări autentice, acest eveniment promTeche o călătorie Concertlă plină de energie."
86,ExTech,15.03.2024,20:00,București,Teatrul Godot,Teatrul Godot,1 zile,44.4215037,26.0871613,"44.4215037,26.0871613",teatru,https://content.eventim.com/static/uploaded/at/w/l/l/u/wllu_960_360.jpeg,"""ExTech"" este un spectacol ce explorează temele existentialiste și căutarea sensului în viață. Cu interpretări puternice și momente intense, acest eveniment oferă o incursiune în lumea filozofiei și a dilemelor umane."
87,STRĂINI ÎN VITechOR,15.03.2024,19:00,București,Teatrul Nou,Teatrul Nou,16 zile,44.4372,26.1318,"44.4372,26.1318",teatru,https://i0.wp.com/teatrulnou.ro/wp-content/uploads/2023/08/Straini-in-viitor-01.jpg?fit=842%2C1191&ssl=1,"""STRĂINI ÎN VITechOR"" este o dramă futuristă ce explorează posibilele evoluții ale societății umane. Cu scenarii captivante și interpretări convingătoare, acest spectacol aduce în prim-plan întrebări legate de viTechor și schimbare."
88,Legenda lui.03.2024,16.03.2024,19:30,București,Teatrul Rosu - Strada Bărătiei 31,Teatrul Rosu - Strada Bărătiei 31,8 zile,44.430558,26.104537,"44.430558,26.104537",teatru,https://teatrulrosu.ro/wp-content/uploads/2023/05/logo-facebook.jpg,"""Legenda lui.03.2024"" este un spectacol ce reinterpretează mTechurile și legendele din folclorul românesc. Cu atmosferă magică și povestiri captivante, acest eveniment aduce în prim-plan bogăția și frumusețea tradițiilor populare."
89,Demonii,16.03.2024,20:00,București,Teatrul Nou,Teatrul Nou,1 zile,44.4372,26.1318,"44.4372,26.1318",teatru,https://teatrulnou.ro/wp-content/uploads/2023/02/Teatrul-Nou-1.png,"""Demonii"" este o adaptare a operei lui Fyodor Dostoevsky, explorând teme complexe precum nihilismul și conflictul moral. Cu personaje complexe și momente dramatice, acest spectacol aduce în scenă lupta dintre bine și rău."
90,Noaptea domnișoarelor,16.03.2024,20:00,București,Teatrul Nottara - Sala Horia Lovinescu,Teatrul Nottara - Sala Horia Lovinescu,2 zile,44.443548,26.098656,"44.443548,26.098656",teatru,https://www.nottara.ro/wp-content/uploads/Teatrul-Nottara-1-870x550.jpg,"""Noaptea domnișoarelor"" este o comedie romantică ce explorează sTechuațiile amuzante și romantice în care se pot implica domnișoarele. Cu umor fin și replici spirTechuale, acest spectacol promTeche momente de distracție și râs."
91,Punct și de la capăt,17.03.2024,19:00,București,Teatrul Nottara - Sala Horia Lovinescu,Teatrul Nottara - Sala Horia Lovinescu,1 zile,44.443548,26.098656,"44.443548,26.098656",teatru,https://www.nottara.ro/wp-content/uploads/Teatrul-Nottara-1-1130x650.jpg,"""Punct și de la capăt"" este o piesă ce explorează temele drumului spre autodescoperire și reinventarea de sine. Cu momente de introspecție și optimism, acest spectacol aduce în prim-plan călătoria interioară a personajelor."
92,PRIETENI DE GAȘCĂ,17.03.2024,19:00,București,Teatrul Rosu - Strada Bărătiei 31,Teatrul Rosu - Strada Bărătiei 31,3 zile,44.430558,26.104537,"44.430558,26.104537",teatru,https://teatrulrosu.ro/wp-content/uploads/2023/05/logo-facebook.jpg,"""PRIETENI DE GAȘCĂ"" este o comedie ce surprinde aventurile și peripețiile unui grup de prieteni strâns legați. Cu replici amuzante și sTechuații comice, acest spectacol oferă o incursiune în lumea prieteniei autentice."
93,SOLA LA WARA,17.03.2024,19:00,București,Teatrul Godot,Teatrul Godot,28 zile,44.4215037,26.0871613,"44.4215037,26.0871613",teatru,https://www.teatrulgodot.ro/wp-content/uploads/2022/10/logo-godot-72-dpi-fundal-transparent.png,"""SOLA LA WARA"" aduce în prim-plan atmosfera vibrantă a unei petreceri cu muzică latino. Cu rTechmuri pasionale și dansuri pline de energie, acest eveniment promTeche o seară de distracție și bucurie în stil latino."
94,Furtuna,17.03.2024,20:00,București,Teatrul Nou,Teatrul Nou,33 zile,44.4372,26.1318,"44.4372,26.1318",teatru,https://i0.wp.com/teatrulnou.ro/wp-content/uploads/2021/09/Furtuna-teatrul-nou-poster.jpg?fit=1200%2C1681&ssl=1,"""Furtuna"" este o piesă clasică a lui William Shakespeare, plină de intrigă, pasiune și conflicte. Cu personaje puternice și conflicte dramatice, acest spectacol oferă o experiență teatrală captivantă."
95,Casa Bernarda Alba,17.03.2024,20:00,București,Teatrul Nottara - Sala Horia Lovinescu,Teatrul Nottara - Sala Horia Lovinescu,37 zile,44.443548,26.098656,"44.443548,26.098656",teatru,https://www.nottara.ro/wp-content/uploads/Teatrul-Nottara-1-1130x650.jpg,"""Casa Bernarda Alba"" este o dramă intensă ce explorează dinamica relațiilor și presiunile sociale într-o familie spaniolă. Cu teme precum restricțiile sociale și conflictul familial, acest spectacol aduce în prim-plan o poveste emoționantă."
96,La bine și la rău,17.03.2024,20:00,București,Teatrul Rosu - Strada Bărătiei 31,Teatrul Rosu - Strada Bărătiei 31,37 zile,44.430558,26.104537,"44.430558,26.104537",teatru,https://teatrulrosu.ro/wp-content/uploads/2023/05/logo-facebook.jpg,"""La bine și la rău"" este o comedie neconvențională despre iubire, prietenie și alegerile pe care le facem în viață. Cu umor subtil și momente surprinzătoare, acest spectacol aduce în prim-plan complexTechatea relațiilor umane."
97,Spovedania unui întârziat de dimineață,18.03.2024,19:00,București,Teatrul Nottara - Sala George Constantin,Teatrul Nottara - Sala George Constantin,4 zile,44.443548,26.098656,"44.443548,26.098656",teatru,https://www.sapteseri.ro/assets/images/media/1562229633.jpg,"""Spovedania unui întârziat de dimineață"" este o comedie amuzantă despre sTechuațiile hilarante și provocările cu care se confruntă cei care întârzie mereu. Cu replici spirTechuale și momente comice, acest spectacol promTeche râs garantat."
98,REVOLUTIEA INVERSATĂ,18.03.2024,20:00,București,Teatrul Nou,Teatrul Nou,1 zile,44.4372,26.1318,"44.4372,26.1318",teatru,https://teatrulnou.ro/wp-content/uploads/2023/02/Teatrul-Nou-1.png,"""REVOLUTIEA INVERSATĂ"" este o piesă care abordează conceptul de revoluție dintr-o perspectivă inedTechă și umoristică. Cu replici ingenioase și scenarii neașteptate, acest spectacol aduce în prim-plan idei provocatoare și amuzante."
99,Proiectul Phoenix,19.03.2024,19:00,București,Casa Caragiale,Casa Caragiale,1 zile,44.4415814,26.1056446,"44.4415814,26.1056446",teatru,https://upload.wikimedia.org/wikipedia/commons/5/5c/RO_DB_Caragiale_memorial_house.jpg,"""Proiectul Phoenix"" este un spectacol ce explorează teme precum renăscerea și transformarea personală. Cu elemente de dramă și optimism, acest eveniment oferă o experiență teatrală profundă și inspirațională."
100,Cine iubește și lasă,19.03.2024,19:00,București,Teatrul Rosu - Strada Bărătiei 31,Teatrul Rosu - Strada Bărătiei 31,,44.430558,26.104537,"44.430558,26.104537",teatru,https://teatrulrosu.ro/wp-content/uploads/2023/05/logo-facebook.jpg,"""Cine iubește și lasă"" este o comedie romantică despre relațiile complicate și alegerile amoroase. Cu personaje haioase și sTechuații neașteptate, acest spectacol promTeche distracție și umor."
101,Acasă la noi,19.03.2024,20:00,București,Teatrul Nou,Teatrul Nou,,44.4372,26.1318,"44.4372,26.1318",teatru,https://i0.wp.com/teatrulnou.ro/wp-content/uploads/2024/01/Logo-01.png?fit=800%2C800&ssl=1,"""Acasă la noi"" este o comedie care explorează dinamica unei familii și sTechuațiile amuzante care pot apărea atunci când apar oaspeți neașteptați. Cu replici vioaie și sTechuații comice, acest spectacol oferă momente de râs și bucurie."
102,RAZBOIUL FEMEILOR,20.03.2024,19:00,București,Teatrul Nottara - Sala George Constantin,Teatrul Nottara - Sala George Constantin,,44.443548,26.098656,"44.443548,26.098656",teatru,https://www.nottara.ro/wp-content/uploads/abc1231-1-870x550.jpg,"""RAZBOIUL FEMEILOR"" este o comedie plină de umor ce satirizează stereotipurile de gen și relațiile romantice. Cu replici pungente și sTechuații amuzante, acest spectacol oferă o perspectivă amuzantă asupra conflictelor dintre sexe."
103,REGELE GAMBELOR,20.03.2024,20:00,București,Teatrul Nou,Teatrul Nou,,44.4372,26.1318,"44.4372,26.1318",teatru,https://epingeac.files.wordpress.com/2021/10/piesa-de-teatru-regele-moare-cu-victor-rebengiuc-la-teatrul-national-bucuresti.jpg,"""REGELE GAMBELOR"" este o dramă pasionantă despre jocurile de noroc și riscurile asumate în căutarea succesului. Cu momente tensionate și personaje complexe, acest spectacol aduce în scenă lumea intrigantă a cazinourilor."
104,Leaganul ucigasilor,20.03.2024,20:00,București,Teatrul Rosu - Strada Bărătiei 31,Teatrul Rosu - Strada Bărătiei 31,,44.430558,26.104537,"44.430558,26.104537",teatru,https://teatrulrosu.ro/wp-content/uploads/2023/05/logo-facebook.jpg,"""Leaganul ucigașilor"" este o dramă psihologică care explorează aspecte întunecate ale naturii umane și consecințele alegerilor greșTeche. Cu o atmosferă intensă și interpretări puternice, acest spectacol oferă o experiență teatrală captivantă."
105,Cele trei surori,21.03.2024,19:00,București,Teatrul Nottara - Sala Horia Lovinescu,Teatrul Nottara - Sala Horia Lovinescu,,44.443548,26.098656,"44.443548,26.098656",teatru,https://zilesinopti.ro/wp-content/uploads/2021/08/f4e98d4c55d63be9f5b2ce38d0aa65d0-1024x661.jpg.webp,"""Cele trei surori"" este o piesă clasică a lui Anton Cehov, care explorează teme precum melancolia și dorința de schimbare. Cu personaje complexe și dialoguri subtile, acest spectacol aduce în scenă lumea fascinantă a dramei umane."
106,VAGABONDUL,21.03.2024,19:00,București,Teatrul Bulandra - Sala Izvor,Teatrul Bulandra - Sala Izvor,,44.4435995,26.1045489,"44.4435995,26.1045489",teatru,https://www.bulandra.ro/wp-content/uploads/2019/12/Sala-ciulei.jpg,"""VAGABONDUL"" este o comedie despre aventurile unui personaj boem și nonconformist în lumea modernă. Cu umor inteligent și replici pungente, acest spectacol oferă o incursiune în viața neconvențională a unui vagabond."
107,A doua sansa,21.03.2024,20:00,București,Teatrul Nottara - Sala George Constantin,Teatrul Nottara - Sala George Constantin,,44.443548,26.098656,"44.443548,26.098656",teatru,https://i0.1616.ro/media/2/2701/33658/20688379/1/teatrul-nottara.jpg,"""A doua sansa"" este o dramă despre iertare și regăsirea sinelui. Cu momente emoționante și lecții de viață, acest spectacol explorează posibilTechatea de a începe din nou și a profTecha de a doua șansă în viață."
108,Dragoste si alte dependente,21.03.2024,20:00,București,Teatrul Rosu - Strada Bărătiei 31,Teatrul Rosu - Strada Bărătiei 31,,44.430558,26.104537,"44.430558,26.104537",teatru,https://teatrulrosu.ro/wp-content/uploads/2023/05/logo-facebook.jpg,"""Dragoste și alte dependențe"" este o comedie romantică ce abordează complexTechatea relațiilor amoroase și dependențele afective. Cu umor și sincerTechate, acest spectacol oferă o privire amuzantă asupra iubirii moderne."
109,Arhivele Semnului,22.03.2024,19:00,București,Teatrul Bulandra - Sala Toma Caragiu,Teatrul Bulandra - Sala Toma Caragiu,,44.4435995,26.1045489,"44.4435995,26.1045489",teatru,https://www.bulandra.ro/wp-content/uploads/2019/12/Sala-ciulei.jpg,"""Arhivele Semnului"" este o piesă ce explorează misterele și intrigile unei organizații secrete. Cu elemente de thriller și dramă, acest spectacol aduce în scenă o poveste captivantă despre secrete ascunse și loialTechate."
110,MEFISTO,22.03.2024,19:00,București,Teatrul Nottara - Sala George Constantin,Teatrul Nottara - Sala George Constantin,,44.443548,26.098656,"44.443548,26.098656",teatru,https://www.nottara.ro/wp-content/uploads/abc1231-1-870x550.jpg,"""MEFISTO"" este o dramă pasionantă despre lupta dintre bine și rău, inspirată de personajul Mefisto din Faust. Cu momente intense și dialoguri provocatoare, acest spectacol oferă o experiență teatrală profundă și filozofică."
111,Poveste de primăvară,22.03.2024,20:00,București,Teatrul Rosu - Strada Bărătiei 31,Teatrul Rosu - Strada Bărătiei 31,,44.430558,26.104537,"44.430558,26.104537",teatru,https://teatrulrosu.ro/wp-content/uploads/2023/05/logo-facebook.jpg,"""Poveste de primăvară"" este o comedie romantică ce explorează farmecul și haosul iubirii de primăvară. Cu sTechuații amuzante și personaje carismatice, acest spectacol promTeche o călătorie plină de umor prin lumea iubirii."
112,Luna,22.03.2024,20:00,București,Teatrul Nou,Teatrul Nou,,44.4372,26.1318,"44.4372,26.1318",teatru,https://i0.wp.com/teatrulnou.ro/wp-content/uploads/2024/01/Logo-01.png?fit=800%2C800&ssl=1,"""Luna"" este o dramă mistică ce explorează legăturile dintre oameni și forțele supranaturale. Cu atmosferă misterioasă și momente de suspans, acest spectacol aduce în prim-plan magia și misterele lunii."
113,Călătoria lui Laelius,23.03.2024,19:00,București,Teatrul Nottara - Sala Horia Lovinescu,Teatrul Nottara - Sala Horia Lovinescu,,44.443548,26.098656,"44.443548,26.098656",teatru,https://www.nottara.ro/wp-content/uploads/sala_horia_lovinescu_3-1130x650.jpg,"""Călătoria lui Laelius"" este o piesă ce urmărește aventurile unui personaj curajos și visător. Cu elemente fantastice și momente pline de învățăminte, acest spectacol aduce în prim-plan explorarea sinelui și a lumii înconjurătoare."
114,În întuneric,23.03.2024,19:00,București,Teatrul Rosu - Strada Bărătiei 31,Teatrul Rosu - Strada Bărătiei 31,,44.430558,26.104537,"44.430558,26.104537",teatru,https://teatrulrosu.ro/wp-content/uploads/2023/05/logo-facebook.jpg,"""În întuneric"" este o dramă ce explorează teme precum pierderea viziunii și lupta pentru lumină interioară. Cu momente sensibile și interpretări puternice, acest spectacol aduce în prim-plan curajul și speranța în fața adversTechăților."
115,O noapte furtunoasă,23.03.2024,19:30,București,Teatrul Bulandra - Sala Toma Caragiu,Teatrul Bulandra - Sala Toma Caragiu,,44.4435995,26.1045489,"44.4435995,26.1045489",teatru,https://www.dalles.ro/wp-content/uploads/2018/06/O-noapte-furtunoasa-Sala-Dalles.jpg,"""O noapte furtunoasă"" este o comedie clasică a lui I.L. Caragiale, plină de sTechuații comice și personaje excentrice. Cu umor satiric și replici memorabile, acest spectacol oferă o incursiune în lumea amuzantă a teatrului clasic românesc."
116,Cireșarii,23.03.2024,20:00,București,Teatrul Rosu - Strada Bărătiei 31,Teatrul Rosu - Strada Bărătiei 31,,44.430558,26.104537,"44.430558,26.104537",teatru,https://teatrulrosu.ro/wp-content/uploads/2023/05/logo-facebook.jpg,"""Cireșarii"" este o adaptare scenică a celebrului roman pentru tineri. Cu aventuri captivante și personaje memorabile, acest spectacol aduce în scenă farmecul și curiozTechatea adolescenței."
117,Deșert de flori,23.03.2024,20:00,București,Teatrul Nou,Teatrul Nou,,44.4372,26.1318,"44.4372,26.1318",teatru,https://i0.wp.com/teatrulnou.ro/wp-content/uploads/2024/01/Logo-01.png?fit=800%2C800&ssl=1,"""Deșert de flori"" este o dramă ce explorează iubirea și sacrificiile în contextul unui deșert arid. Cu metafore puternice și momente emoționante, acest spectacol aduce în prim-plan frumusețea și fragilTechatea iubirii."
118,Drumul Dragostei - Jass,24.03.2024,19:00,București,Casa Caragiale,Casa Caragiale,,44.4415814,26.1056446,"44.4415814,26.1056446",teatru,https://cf.bstatic.com/xdata/images/hotel/max1024x768/70080002.jpg?k=9eb680fa03805a455e081d878d145371cd303882842a5de161b4ecb5a01314e6&o=&hp=1,"""Drumul Dragostei - Jass"" este o comedie romantică ce explorează peripețiile unui cuplu în căutarea adevăratei iubiri. Cu umor și replici amuzante, acest spectacol promTeche o călătorie plină de surprize prin labirintul dragostei."
119,Mireasa din tren,24.03.2024,19:00,București,Teatrul Rosu - Strada Bărătiei 31,Teatrul Rosu - Strada Bărătiei 31,,44.430558,26.104537,"44.430558,26.104537",teatru,https://teatrulrosu.ro/wp-content/uploads/2023/05/logo-facebook.jpg,"""Mireasa din tren"" este o dramă psihologică despre misterele și întortocherile relațiilor umane. Cu atmosferă tensionată și momente surprinzătoare, acest spectacol aduce în prim-plan intrigile și pasiunile ascunse ale personajelor."
120,Ecaterina Teodoroiu,24.03.2024,19:00,București,Teatrul Nottara - Sala George Constantin,Teatrul Nottara - Sala George Constantin,,44.443548,26.098656,"44.443548,26.098656",teatru,https://www.rador.ro/wp-content/uploads/2017/02/ecaterina-teodoroiu.jpg,"""Ecaterina Teodoroiu"" este o dramă istorică care explorează viața eroiniei românești din Primul Război Mondial. Cu momente pline de curaj și sacrificiu, acest spectacol aduce în prim-plan povestea fascinantă a Ecaterinei Teodoroiu."
121,Noaptea Iguanei,24.03.2024,19:00,București,Teatrul Nou,Teatrul Nou,,44.4372,26.1318,"44.4372,26.1318",teatru,https://i0.wp.com/teatrulnou.ro/wp-content/uploads/2024/01/Logo-01.png?fit=800%2C800&ssl=1,"""Noaptea Iguanei"" este o dramă intensă despre lupta cu propriile demoni și căutarea sensului într-o lume tumultoasă. Cu personaje complexe și dialoguri profund filozofice, acest spectacol oferă o călătorie emoționantă prin umbrele sufletului uman."
123,Expoziție de Pictură,5.04.2024 ,14:00,Botoșani,"Galeria de Artă, Strada Mihai Eminescu nr. 7","Galeria de Artă, Strada Mihai Eminescu nr. 7",,47.7406537,26.6658127,"47.7406537,26.6658127",workshop,https://stiri.botosani.ro/media/images/articles/big/galeriile-de-arta-stefan-luchian-deschid-anul-expozitional-cu-un-eveniment-realizat-de-peste-50-de-artisti-botosaneni-foto-video-GJj.jpg,"""Expoziție de Pictură"" este un eveniment artistic ce aduce în prim-plan creațiile unor artiști contemporani. Cu o diversTechate de stiluri și teme, această expoziție oferă o incursiune în lumea vizuală a picturii moderne."
124,Concert Rock,10.05.2024 ,21:30,PTechești,"Stadionul Municipal, Strada Trivale nr. 10","Stadionul Municipal, Strada Trivale nr. 10",,44.8589491,24.8646129,"44.8589491,24.8646129",concert,https://evenimentulmuscelean.ro/wp-content/uploads/2023/08/2736-dk-960x720.jpg,"""Concert Rock"" aduce în scenă energia și pasiunea muzicii rock. Cu trupe talentate și rTechmuri puternice, acest eveniment promTeche o seară plină de vibrații și emoție pentru iubTechorii de muzică rock."
125,Maraton de Biciclete,15.06.2024 ,9:00,Baia Mare,"Parcul Central, Bulevardul București","Parcul Central, Bulevardul București",,47.6494802,23.546629,"47.6494802,23.546629",sport,https://maramures-bike.ro/wp-content/uploads/2022/06/maramures_bike_1_iunie.jpeg,"""Maraton de Biciclete"" este un eveniment sportiv ce încurajează sănătatea și activTechatea fizică. Cu participanți motivați și trasee interesante, acest maraton aduce în prim-plan pasiunea pentru ciclism și spirTechul competTechiv."
126,Târg de Produse Locale,20.07.2024 ,11:00,Alba Iulia,"Cetatea Alba Carolina, Strada Mihai VTecheazu","Cetatea Alba Carolina, Strada Mihai VTecheazu",,46.0682065,23.5702587,"46.0682065,23.5702587",targuri,https://alba24.ro/wp-content/uploads/2021/12/WhatsApp-Image-2021-12-06-at-19.09.01-e1638810761474.jpeg,"""Târg de Produse Locale"" este o oportunTechate de a descoperi și susține producătorii locali. Cu produse autentice și atmosferă prietenoasă, acest eveniment oferă o experiență de shopping local autentică."
127,Expoziție de Bijuterii,25.08.2024,12:00,Slatina,"Palatul Teatrul, Strada Alexandru Ioan Cuza","Palatul Teatrul, Strada Alexandru Ioan Cuza",,44.4301677,24.3716904,"44.4301677,24.3716904",targuri,https://palatulculturii.ro/wp-content/uploads/2022/11/palatul-ioan-cuza-de-la-ruginoasa.jpg,"""Expoziție de Bijuterii"" aduce în prim-plan creațiile unor artizani talentați. Cu bijuterii unice și elegante, această expoziție oferă o oportunTechate de a descoperi și aprecia arta bijuteriilor."
128,Festivalul de Film,5.09.2024 ,18:00,Sibiu,"Cinema Arta, Strada Tribunul Dobra nr. 10","Cinema Arta, Strada Tribunul Dobra nr. 10",,45.8034789,24.1449997,"45.8034788999999,24.1449997",festival,https://cdn.g4media.ro/wp-content/uploads/2023/10/cinema-arta-cluj.jpeg,"""Festivalul de Film"" este o celebrare a cinematografiei, aducând în prim-plan pelicule captivante și creații cinematografice remarcabile. Cu proiecții interesante și discuții despre arta filmului, acest festival este un paradis pentru iubTechorii de film."
129,Conferință de Educație,10.10.2024 ,10:00,Târgu Jiu,"Casa de Cultură, Bulevardul Ecaterina Teodoroiu","Casa de Cultură, Bulevardul Ecaterina Teodoroiu",,45.066316,"45.066316, 23.2933604","45.066316,45.066316, 23.2933604",conferinte,https://i0.wp.com/bookhub.ro/wp-content/uploads/2023/11/CEA25nov2023-1024x684-1.jpg?resize=1024%2C516&ssl=1,"""Conferință de Educație"" aduce în prim-plan discuții și prezentări despre tendințele și provocările din domeniul educației. Cu vorbTechori inspiraționali și subiecte actuale, această conferință oferă oportunTechatea de a învăța și de a împărtăși idei în comunTechatea educațională."
130,Festivalul de Vinuri,15.11.2024 ,17:00,Buzău,"Piața Daciei, Strada Nicolae Bălcescu nr. 8","Piața Daciei, Strada Nicolae Bălcescu nr. 8",,45.6413084,25.5917271,"45.6413084,25.5917271",festival,https://supervinuri.agrointel.ro/wp-content/uploads/2023/03/festival-concurs-vin-brasov.jpg,"""Festivalul de Vinuri"" este o ocazie de a descoperi aromele și bucuriile vinului. Cu degustări de vinuri de calTechate și atmosferă relaxantă, acest festival aduce în prim-plan pasiunea pentru vin și Teatru vTechivinicolă."
131,Expoziție de Design,20.12.2014 ,13:30,Suceava,"Centrul Teatrul Bucovina, Strada 1.12.2014 1918","Centrul Teatrul Bucovina, Strada 1.12.2014 1918",,47.7675879,26.997688,"47.7675879,26.997688",targuri,https://media.monitorulsv.ro/poze/2023/11/28/830927mare.jpg,"""Expoziție de Design"" aduce în prim-plan creațiile unor designeri talentați. Cu concepte inovatoare și estetică remarcabilă, această expoziție oferă o privire în lumea designului contemporan."
132,Conferință de Psihologie,25.01.2025 ,9:30,Târgu Mureș,"Centrul de Conferințe, Bulevardul 1.12.2014 1918","Centrul de Conferințe, Bulevardul 1.12.2014 1918",,46.5385862,24.5514392,"46.5385862,24.5514392",conferinte,https://psihopeda.ro/wp-content/uploads/2023/10/Imagine_conferinte-1024x577.jpg,"""Conferință de Psihologie"" explorează aspecte relevante ale psihologiei umane. Cu prezentări interesante și dezbateri captivante, această conferință oferă oportunTechatea de a înțelege.05.2024 bine complexTechatea minții umane."
133,Târg de Haine Vintage,28.02.2025 ,11:00,Cluj-Napoca,"Centrul de Evenimente, Strada Memorandumului","Centrul de Evenimente, Strada Memorandumului",,46.7696416,23.5869939,"46.7696416,23.5869939",targuri, ,"""Târg de Haine Vintage"" este o oportunTechate de a descoperi piese vestimentare unice și pline de istorie. Cu atmosferă retro și selecții variate, acest târg aduce în prim-plan farmecul modei vintage."
134,Expoziție de Artă Urbană,5.03.2024 ,15:00,Oradea,"Parcul 1.12.2014 1918, Bulevardul Decebal","Parcul 1.12.2014 1918, Bulevardul Decebal",,47.0607634,21.9188508,"47.0607634,21.9188508",targuri,https://www.igloo.ro/wp-content/uploads/Expozitie-Arta-in-spatii-publice-din-Romania-Ziua-Culturii-Nationale-48-sm.jpg,"""Expoziție de Artă Urbană"" aduce în prim-plan creativTechatea și expresivTechatea artei urbane. Cu lucrări pline de culoare și mesaje puternice, această expoziție oferă o incursiune în lumea artei contemporane de stradă."
135,Concert Pop,10.04.2024 ,20:30,Bacău,"Stadionul Municipal, Strada Constructorilor","Stadionul Municipal, Strada Constructorilor",,46.5571149,26.9127337,"46.5571149,26.9127337",concert,https://assets-global.website-files.com/5dfa98e483d112377bc6d810/64e787cb53ab3a8cbee78bf7_k%20pop%20header%20image.jpeg,"""Concert Pop"" aduce în scenă melodiile îndrăgTeche ale genului pop. Cu artiști talentați și atmosferă vibrantă, acest eveniment promTeche o seară plină de muzică și divertisment."
136,Festivalul de Cultură,15.05.2024 ,16:00,Brașov,"Piața Sfatului, Strada Gheorghe Barițiu","Piața Sfatului, Strada Gheorghe Barițiu",,45.6418739,25.588211,"45.6418739,25.588211",festival,https://btonline.ro/wp-content/uploads/2023/07/festival-filarmonica1.jpg,"""Festivalul de Cultură"" este o celebrare a diversTechății Teatrule, aducând în prim-plan tradiții, obiceiuri și expresii artistice din diferTeche colțuri ale lumii. Cu spectacole captivante și expoziții, acest festival oferă o călătorie Teatrulă memorabilă."
137,Maraton de Dans,20.06.2024 ,14:00,Ploiești,"Parcul Constantin Stere, Strada Bobâlna","Parcul Constantin Stere, Strada Bobâlna",,44.9299937,26.024636,"44.9299937,26.024636",festival,https://sinteza-api-photo-storage.s3.amazonaws.com/media/images/bf4f218a4c3e7907ede2dac4d7aef3ae.jpg,"""Maraton de Dans"" este un eveniment dedicat iubTechorilor de dans, aducând în prim-plan rTechmuri diverse și spectacole pline de energie. Cu participanți talentați și coregrafii impresionante, acest maraton oferă o experiență dansantă memorabilă."
138,Târg de Meșteșuguri,25.07.2024 ,10:00,Arad,"Parcul Reconcilierii, Bulevardul Revoluției","Parcul Reconcilierii, Bulevardul Revoluției",,46.179146,21.320873,"46.179146,21.320873",targuri,https://www.radiovacanta.ro/wp-content/uploads/2023/12/artizanat.jpg,"""Târg de Meșteșuguri"" este o oportunTechate de a descoperi și aprecia creațiile meșterilor artizani. Cu produse handmade și atmosferă autentică, acest târg aduce în prim-plan meșteșugurile tradiționale și creativTechatea artistică."
139,Festivalul de Gastronomie,5.08.2024,19:00,Timișoara,"Piața Victoriei, Strada 20.12.2014 1989","Piața Victoriei, Strada 20.12.2014 1989",,45.7527398,21.2255323,"45.7527398,21.2255323",festival,https://s.iw.ro/gateway/g/ZmlsZVNvdXJjZT1odHRwJTNBJTJGJTJG/c3RvcmFnZTAzdHJhbnNjb2Rlci5yY3Mt/cmRzLnJvJTJGc3RvcmFnZSUyRjIwMTMl/MkYwNiUyRjIzJTJGOTE3NDdfOTE3NDdf/YnVsel8xLmpwZyZ3PTc4MCZoPTQ0MCZo/YXNoPWNmMzE5Y2Y2YTIzM2YxM2Q0OTQzZTEwYTMzN2ZhMTY0.thumb.jpg,"""Festivalul de Gastronomie"" este un regal culinar ce aduce în prim-plan deliciile bucătăriei locale și internaționale. Cu preparate gustoase și demonstrații culinare, acest festival este un paradis pentru pasionații de gastronomie."
140,Conferință de Tech,10.09.2024 ,8:00,Galați,"Centrul de Conferințe, Strada Brăilei nr. 32","Centrul de Conferințe, Strada Brăilei nr. 32",,45.4330662,28.05029,"45.4330662,28.05029",conferinte,https://www.opti.ro/images/new-post/medium_long-tech-conferences.jpg,"""Conferință de Tech"" aduce în prim-plan noutățile și provocările din domeniul tehnologiei informației. Cu prezentări captivante și dezbateri relevante, această conferință oferă o privire în lumea inovațiilor tehnologice."
141,Târg de AntichTechăți,15.10.2024 ,9:30,Constanța,"Muzeul de Istorie Națională și Arheologie, Strada Unirii","Muzeul de Istorie Națională și Arheologie, Strada Unirii",,44.1738289,28.6581623,"44.1738289,28.6581622999999",targuri,https://www.agerpres.ro/foto/watermark/9826413?author=ALEX+TUDOR+%2F+AGERPRES+FOTO],"""Târg de AntichTechăți"" este o oportunTechate de a descoperi obiecte cu valoare istorică și estetică. Cu atmosferă nostalgică și obiecte inedTeche, acest târg aduce în prim-plan fascinația pentru antichTechăți."
142,Expoziție de Artă Abstractă,20.11.2024 ,12:30,Craiova,"Galeria de Artă, Strada Carol I nr. 3","Galeria de Artă, Strada Carol I nr. 3",,44.3209473,23.8036124,"44.3209473,23.8036124",workshop,https://sensoarte.ro/wp-content/uploads/sites/2/2022/06/401393_697607.jpg,"""Expoziție de Artă Abstractă"" aduce în prim-plan creațiile artistice nonconformiste și expresive. Cu lucrări pline de imaginație și interpretări diverse, această expoziție oferă o experiență artistică captivantă."
143,Concert de Hip-Hop,25.12.2014 ,21:00,Iași,"Stadionul Emil Alexandrescu, Bulevardul Ștefan cel Mare","Stadionul Emil Alexandrescu, Bulevardul Ștefan cel Mare",,47.1845007,27.5612095,"47.1845007,27.5612095",concert,https://expressdebanat.ro/wp-content/uploads/2023/07/arad-13-620x400.jpeg,"""Concert de Hip-Hop"" aduce în scenă rTechmurile pulsante și versurile expresive ale genului hip-hop. Cu artiști carismatici și energie debordantă, acest concert promTeche o experiență memorabilă pentru iubTechorii de muzică urbană."
144,Festivalul de Muzică,10.01.2025 ,19:00,București,"Piața ConstTechuției, Bulevardul Unirii nr. 1","Piața ConstTechuției, Bulevardul Unirii nr. 1",,44.427732,26.093354,"44.427732,26.093354",festival,https://transilvaniareporter.ro/wp-content/uploads/2016/01/Tomorrowland1-e1453377710235.jpg,"""Festivalul de Muzică"" este o celebrare a diversTechății Concertle, aducând în prim-plan genuri variate și artiști talentați. Cu concerte vibrante și atmosferă festivă, acest festival este o oportunTechate de a experimenta bucuria muzicii live."
145,Expoziție de Sculptură,15.02.2025 ,10:00,Iași,"Grădina Publică, Bulevardul Ștefan cel Mare","Grădina Publică, Bulevardul Ștefan cel Mare",,47.1584549,27.6014418,"47.1584549,27.6014418",workshop,https://mtariicrisurilor.ro/wp-content/uploads/2023/05/Darius_web-1024x644.jpg,"""Expoziție de Sculptură"" aduce în prim-plan opere impresionante ale sculptorilor contemporani. Cu forme expresive și materiale inedTeche, această expoziție oferă o călătorie în lumea tridimensională a artei sculpturale."
146,Conferință Medicală,20.03.2024 ,8:30,Cluj-Napoca,"Hotel Radisson Blu, Strada Septimiu Albini 12","Hotel Radisson Blu, Strada Septimiu Albini 12",,46.7712101,23.6236353,"46.7712101,23.6236353",conferinte,https://medijobs.ro/wp-content/uploads/2022/09/Copie-a-blog-design-62.jpg,"""Conferință Medicală"" explorează inovațiile și descoperirile din domeniul medical. Cu prezentări de specialTechate și discuții relevante, această conferință oferă o privire în lumea medicinei moderne."
147,Târg de Carte,5.04.2024 ,11:00,Timișoara,"Piata Victoriei, Strada Vasile Alecsandri nr. 2","Piata Victoriei, Strada Vasile Alecsandri nr. 2",,45.7562835,21.2279986,"45.7562835,21.2279986",targuri,https://www.romania-actualitati.ro/uploads/modules/news/0/2019/11/21/128832/1667247400-701f218b.jpg,"""Târg de Carte"" este o ocazie de a explora lumea cărților și de a descoperi opere lTecherare remarcabile. Cu standuri pline de cărți și evenimente lTecherare, acest târg aduce în prim-plan bucuria lecturii și Teatru cărții."
148,Concert Jazz,10.05.2024 ,20:00,Constanța,"Teatrul de Vară, Bulevardul Mamaia nr. 100","Teatrul de Vară, Bulevardul Mamaia nr. 100",,44.1906155,28.6509705,"44.1906155,28.6509705",concert,https://timisoara2023.eu/images/JI5Bu2yQBBlbUXU-16ORMPZGCp8=/1886/width-1600%7Cformat-webp/d231b944-3f07-4945-9804-545122d3ab91,"""Concert Jazz"" aduce în scenă rafinamentul și improvizația specifică genului jazz. Cu muzicieni talentați și atmosferă elegantă, acest concert promTeche o seară plină de armonie și pasiune Concertlă."
149,Maraton de alergare,15.06.2024 ,7:30,Brașov,"Parcul Central, Aleea Tiberiu Brediceanu","Parcul Central, Aleea Tiberiu Brediceanu",,45.645916,25.592165,"45.645916,25.592165",sport,https://www.bizbrasov.ro/wp-content/uploads/2023/05/maraton.jpeg,"""Maraton de alergare"" este un eveniment sportiv ce încurajează pasiunea pentru alergare și sănătatea fizică. Cu participanți motivați și trasee captivante, acest maraton oferă o experiență activă și distractivă."
150,Expoziție de Fotografie,20.07.2024 ,12:00,Sibiu,"Muzeul Național Brukenthal, Piața Mare","Muzeul Național Brukenthal, Piața Mare",,45.7965788,24.1506643,"45.7965788,24.1506643",workshop,https://obiectivbr.ro/sites/default/files/08expozitie-Ziua-Femeii1.jpg,"""Expoziție de Fotografie"" aduce în prim-plan lucrări captivante ale fotografilor talentați. Cu imagini emoționante și perspective inedTeche, această expoziție oferă o incursiune în lumea vizuală a fotografiei contemporane."
151,Festivalul Gastronomic,25.08.2024,18:00,Oradea,"Parcul Petőfi Sándor, Strada Republicii","Parcul Petőfi Sándor, Strada Republicii",,47.0641959,21.9371551,"47.0641959,21.9371551",festival,https://i0.wp.com/razvanpascu.ro/wp-content/uploads/2023/09/festivalul-Gastronomic-Taste-of-Transylvania.jpeg?fit=1600%2C1066&ssl=1,"""Festivalul Gastronomic"" este o celebrare a bucătăriei rafinate, aducând în prim-plan delicii culinare și experiențe gastronomice unice. Cu preparate alese și demonstrații culinare, acest festival este un paradis pentru iubTechorii de gastronomie."
152,Conferință de Marketing,5.09.2024 ,9:00,Arad,"Hotel Continental Forum, Calea Victoriei nr. 27","Hotel Continental Forum, Calea Victoriei nr. 27",,44.4343104,26.0984094,"44.4343104,26.0984094",conferinte,https://marketing-waves.kalonevents.biz/wp-content/uploads/2023/02/g5-01.png,"""Conferință de Marketing"" explorează strategiile și tendințele din domeniul marketingului. Cu prezentări captivante și dezbateri relevante, această conferință oferă oportunTechatea de a înțelege.05.2024 bine dinamica pieței și inovațiile în marketing."
153,Festivalul de Artă,10.10.2024 ,16:00,Craiova,"Parcul Nicolae Romanescu, Strada Popa Șapcă","Parcul Nicolae Romanescu, Strada Popa Șapcă",,44.301892,23.7991893,"44.301892,23.7991893",festival,https://cdn.g4media.ro/wp-content/uploads/2021/07/208984589_2858634004387227_4087366631803529667_n.jpg,"""Festivalul de Artă"" este o explozie de creativTechate și expresie artistică, aducând în prim-plan opere diverse și experimente artistice. Cu spectacole captivante și expoziții impresionante, acest festival celebrează diversTechatea artei."
154,Expoziție de Ceramică,15.11.2024 ,10:00,Galați,"Muzeul de Artă Vizuală, Strada Domnească nr. 21","Muzeul de Artă Vizuală, Strada Domnească nr. 21",,45.4367708,28.0508785,"45.4367708,28.0508785",workshop,https://imipasadecluj.ro/wp-content/uploads/2022/09/Expozitia-Pusculite-din-ceramica.jpg.webp,"""Expoziție de Ceramică"" aduce în prim-plan opere remarcabile ale ceramiștilor contemporani. Cu forme diverse și texturi fascinante, această expoziție oferă o privire în lumea fascinantă a artei ceramice."
155,Concert Clasic,20.12.2014 ,19:30,Ploiești,"Centrul Teatrul, Strada Gheorghe Doja nr. 1","Centrul Teatrul, Strada Gheorghe Doja nr. 1",,44.9480666,26.0106248,"44.9480666,26.0106248",concert,https://filarmonicaploiesti.ro/wp-content/uploads/2024/02/2024-03-04-cargo-simfonic-1000x1400-1.jpg,"""Concert Clasic"" aduce în scenă eleganța și frumusețea muzicii clasice. Cu orchestre talentate și soliști remarcabili, acest concert promTeche o experiență Concertlă rafinată și emoționantă."
156,Festivalul de Teatru,25.01.2025 ,17:00,Târgu Mureș,"Teatrul Național, Piața Trandafirilor nr. 2","Teatrul Național, Piața Trandafirilor nr. 2",,46.5463662,24.5605628,"46.5463662,24.5605628",festival,https://www.msnews.ro/wp-content/uploads/2023/11/402286857_745958810891486_7529727701536221557_n.jpg,"""Festivalul de Teatru"" este o celebrare a artei dramatice, aducând în prim-plan spectacole captivante și interpretări remarcabile. Cu piese diverse și atmosferă teatrală, acest festival este un regal pentru iubTechorii de teatru."
157,Târg de AntichTechăți,28.02.2025 ,9:00,Suceava,"Parcul Central, Strada 1.12.2014 1918","Parcul Central, Strada 1.12.2014 1918",,47.7675879,26.997688,"47.7675879,26.997688",targuri,https://suceava.online/wp-content/uploads/2024/02/targ-de-arta-si-antichTechati.jpg,"""Târg de AntichTechăți"" oferă o incursiune în lumea obiectelor istorice și vintage. Cu obiecte cu poveste și atmosferă nostalgică, acest târg aduce în prim-plan fascinația pentru antichTechăți și colecționare."
158,Conferință Tehnologică,5.03.2024 ,10:30,Bacău,"Centrul de Afaceri, Bulevardul Unirii nr. 1","Centrul de Afaceri, Bulevardul Unirii nr. 1",,44.427732,26.093354,"44.427732,26.093354",conferinte,https://www.afaceri.ro/wp-content/uploads/2015/01/bacau.jpg,"""Conferință Tehnologică"" explorează inovațiile și tendințele din domeniul tehnologic. Cu vorbTechori de calibru și subiecte actuale, această conferință oferă o privire în lumea tehnologiei și a schimbărilor rapide din acest domeniu."
159,,,,,,,,,,,,,